Task,Model,DisplayName,folds,R2_main_mean,R2_main_std,R2_main_min,R2_main_max,ARE_main_pct_mean,ARE_main_pct_std,ARE_main_pct_min,ARE_main_pct_max,R2_all_mean,R2_all_std,R2_all_min,R2_all_max,ARE_all_pct_mean,ARE_all_pct_std,ARE_all_pct_min,ARE_all_pct_max,n_main_mean,n_main_min,n_main_max,main_ratio_mean,main_ratio_std,main_ratio_min,main_ratio_max,n_all_mean,n_all_min,n_all_max
inverse_opening_holdout,inverse_GRNN,inverse_GRNN,7,0.7737812464474586,0.15265779987178388,0.6344474415930726,0.9369573568720115,8.114453832335283,4.516031137097058,3.7536398754572002,12.771151071699553,0.8444094379183056,0.11750498892836228,0.613272034699506,0.9488134574746906,10.313992711961093,3.290393007317796,6.034007504653327,14.932045820442296,10.857142857142858,0,29,0.26480836236933797,0.3351414094268652,0.0,0.7073170731707317,41.0,41,41
inverse_opening_holdout,inverse_KAN,inverse_KAN,7,0.8949881209349808,0.15925590524137712,0.7117102022472169,0.9996404098052201,4.988494574169592,6.8369069851795405,0.25156252573954363,12.826366708778506,0.9708565031663609,0.07218032400278726,0.8072576775004843,0.9997687294421144,2.518977895925435,4.475590525428511,0.31911607723494884,12.606912116541153,10.857142857142858,0,29,0.26480836236933797,0.3351414094268652,0.0,0.7073170731707317,41.0,41,41
inverse_opening_holdout,inverse_MLP,inverse_MLP,7,0.98648589671965,0.020620595631237235,0.9626812549991576,0.9988499952387783,2.0125013286304045,2.465195564153768,0.5009498359356049,4.857199819653276,0.99389740388446,0.007371178377747752,0.9782645081648638,0.999464005169906,1.9488099339521927,1.2546419439844727,0.6547752360007959,4.468663645502298,10.857142857142858,0,29,0.26480836236933797,0.3351414094268652,0.0,0.7073170731707317,41.0,41,41
