opening,slope,intercept,speed_min,speed_max,mass_min,mass_max,r2
20.0,57.74317238370632,-13.842273048091986,20.0,60.0,1144.27021563529,3452.63040672456,0.9999718398970042
25.0,70.70888630545902,-7.1105869465377705,20.0,60.0,1415.75209509975,4243.63962035677,0.9999675138630121
30.0,83.59733810565167,4.780777933189341,20.0,60.0,1679.74528462416,5010.84403081913,0.9999629092516451
35.0,97.11658415110577,7.097083100972992,20.0,60.0,1955.81050568635,5827.92416304856,0.9999729665428164
40.0,110.48862455099805,24.43807695494146,20.0,60.0,2228.59090445684,6640.93911693907,0.9999586720414761
45.0,123.62986903559612,50.755469677710046,20.0,60.0,2522.22019287335,7445.91899913541,0.9999578917713405
50.0,136.6613487160143,74.9587816622155,20.0,60.0,2799.78842646396,8234.02272554259,0.9999063273730898
