{
  "config": {
    "opening_col": "排肥口开度（mm）",
    "speed_col": "排肥轴转速（r/min）",
    "mass_col": "实际排肥质量（g/min）",
    "reference_speed": null,
    "fixed_min_distance": null,
    "require_internal_range": true,
    "include_training_openings": true,
    "top_k": 20,
    "random_seed": 42,
    "n_clusters": 3,
    "kmeans_restarts": 16,
    "kmeans_max_iter": 200,
    "w_fit": 0.5,
    "w_coverage": 0.25,
    "w_distance": 0.15,
    "w_order": 0.1,
    "w_spacing": 0.08,
    "w_balance": 0.04,
    "w_distance_bonus": 0.03
  },
  "data_path": "data/dataset.xlsx",
  "reference_speed": 40.0,
  "train_openings": [
    20.0,
    25.0,
    30.0,
    35.0,
    40.0,
    45.0,
    50.0
  ],
  "learned_thresholds": {
    "low_mid_threshold": 3353.1562693889473,
    "mid_high_threshold": 5314.827050173339,
    "cluster_centers": [
      2474.3890306313033,
      4231.923508146591,
      6397.730592200085
    ],
    "cluster_stats": [
      {
        "cluster": 0,
        "center": 2474.3890306313033,
        "count": 126,
        "mass_min": 1144.27021563529,
        "mass_max": 3345.26629290165
      },
      {
        "cluster": 1,
        "center": 4231.923508146591,
        "count": 102,
        "mass_min": 3381.0774078332,
        "mass_max": 5273.84945617701
      },
      {
        "cluster": 2,
        "center": 6397.730592200085,
        "count": 59,
        "mass_min": 5337.63402683028,
        "mass_max": 8234.02272554259
      }
    ],
    "kmeans_inertia": 109239586.94021547
  },
  "mass_zones": {
    "low": [
      1144.27021563529,
      3353.1562693889473
    ],
    "mid": [
      3353.1562693889473,
      5314.827050173339
    ],
    "high": [
      5314.827050173339,
      8234.02272554259
    ]
  },
  "feasible_min_distances": [
    1,
    2,
    3,
    4,
    5,
    6,
    7,
    8,
    9,
    10,
    11,
    12,
    13,
    14,
    15,
    16,
    17,
    18,
    19,
    20,
    21,
    22,
    23,
    24,
    25,
    26,
    27,
    28,
    29,
    30
  ],
  "best_triplet": {
    "rank": 1.0,
    "low_opening": 20.0,
    "mid_opening": 39.0,
    "high_opening": 50.0,
    "selected_min_distance": 1.0,
    "low_estimated_mass": 2295.884622300161,
    "mid_estimated_mass": 4333.538537024931,
    "high_estimated_mass": 5541.412730302787,
    "low_role_score": 0.8286447201711097,
    "mid_role_score": 0.8797228141884053,
    "high_role_score": 0.38916986381603175,
    "spacing_score": 1.0,
    "balance_score": 0.7333333333333334,
    "distance_bonus": 0.03333333333333333,
    "total_score": 2.20787073150888
  },
  "top_triplets": [
    {
      "rank": 1,
      "low_opening": 20,
      "mid_opening": 39,
      "high_opening": 50,
      "selected_min_distance": 1,
      "low_estimated_mass": 2295.884622300161,
      "mid_estimated_mass": 4333.538537024931,
      "high_estimated_mass": 5541.412730302787,
      "low_role_score": 0.8286447201711097,
      "mid_role_score": 0.8797228141884053,
      "high_role_score": 0.38916986381603175,
      "spacing_score": 1.0,
      "balance_score": 0.7333333333333334,
      "distance_bonus": 0.03333333333333333,
      "total_score": 2.20787073150888
    },
    {
      "rank": 2,
      "low_opening": 21,
      "mid_opening": 39,
      "high_opening": 50,
      "selected_min_distance": 1,
      "low_estimated_mass": 2400.9566708944935,
      "mid_estimated_mass": 4333.538537024931,
      "high_estimated_mass": 5541.412730302787,
      "low_role_score": 0.8039626138386076,
      "mid_role_score": 0.8797228141884053,
      "high_role_score": 0.38916986381603175,
      "spacing_score": 0.9666666666666667,
      "balance_score": 0.7586206896551724,
      "distance_bonus": 0.03333333333333333,
      "total_score": 2.1815334527625847
    },
    {
      "rank": 3,
      "low_opening": 20,
      "mid_opening": 39,
      "high_opening": 49,
      "selected_min_distance": 1,
      "low_estimated_mass": 2295.884622300161,
      "mid_estimated_mass": 4333.538537024931,
      "high_estimated_mass": 5432.320230462541,
      "low_role_score": 0.8286447201711097,
      "mid_role_score": 0.8797228141884053,
      "high_role_score": 0.3659096107974703,
      "spacing_score": 0.9666666666666667,
      "balance_score": 0.6896551724137931,
      "distance_bonus": 0.03333333333333333,
      "total_score": 2.18019668538687
    },
    {
      "rank": 4,
      "low_opening": 20,
      "mid_opening": 38,
      "high_opening": 50,
      "selected_min_distance": 2,
      "low_estimated_mass": 2295.884622300161,
      "mid_estimated_mass": 4223.094015055,
      "high_estimated_mass": 5541.412730302787,
      "low_role_score": 0.8286447201711097,
      "mid_role_score": 0.842161311176711,
      "high_role_score": 0.38916986381603175,
      "spacing_score": 1.0,
      "balance_score": 0.8,
      "distance_bonus": 0.06666666666666667,
      "total_score": 2.1739758951638524
    },
    {
      "rank": 5,
      "low_opening": 20,
      "mid_opening": 38,
      "high_opening": 50,
      "selected_min_distance": 1,
      "low_estimated_mass": 2295.884622300161,
      "mid_estimated_mass": 4223.094015055,
      "high_estimated_mass": 5541.412730302787,
      "low_role_score": 0.8286447201711097,
      "mid_role_score": 0.842161311176711,
      "high_role_score": 0.38916986381603175,
      "spacing_score": 1.0,
      "balance_score": 0.8,
      "distance_bonus": 0.03333333333333333,
      "total_score": 2.1729758951638525
    },
    {
      "rank": 6,
      "low_opening": 21,
      "mid_opening": 39,
      "high_opening": 49,
      "selected_min_distance": 1,
      "low_estimated_mass": 2400.9566708944935,
      "mid_estimated_mass": 4333.538537024931,
      "high_estimated_mass": 5432.320230462541,
      "low_role_score": 0.8039626138386076,
      "mid_role_score": 0.8797228141884053,
      "high_role_score": 0.3659096107974703,
      "spacing_score": 0.9333333333333333,
      "balance_score": 0.7142857142857143,
      "distance_bonus": 0.03333333333333333,
      "total_score": 2.1538331340625785
    },
    {
      "rank": 7,
      "low_opening": 22,
      "mid_opening": 39,
      "high_opening": 50,
      "selected_min_distance": 1,
      "low_estimated_mass": 2506.028719488826,
      "mid_estimated_mass": 4333.538537024931,
      "high_estimated_mass": 5541.412730302787,
      "low_role_score": 0.775016296083318,
      "mid_role_score": 0.8797228141884053,
      "high_role_score": 0.38916986381603175,
      "spacing_score": 0.9333333333333333,
      "balance_score": 0.7857142857142857,
      "distance_bonus": 0.03333333333333333,
      "total_score": 2.1510042121829933
    },
    {
      "rank": 8,
      "low_opening": 20,
      "mid_opening": 39,
      "high_opening": 48,
      "selected_min_distance": 1,
      "low_estimated_mass": 2295.884622300161,
      "mid_estimated_mass": 4333.538537024931,
      "high_estimated_mass": 5323.227730622294,
      "low_role_score": 0.8286447201711097,
      "mid_role_score": 0.8797228141884053,
      "high_role_score": 0.33917091854449977,
      "spacing_score": 0.9333333333333333,
      "balance_score": 0.6428571428571428,
      "distance_bonus": 0.03333333333333333,
      "total_score": 2.148919405284967
    },
    {
      "rank": 9,
      "low_opening": 21,
      "mid_opening": 38,
      "high_opening": 50,
      "selected_min_distance": 1,
      "low_estimated_mass": 2400.9566708944935,
      "mid_estimated_mass": 4223.094015055,
      "high_estimated_mass": 5541.412730302787,
      "low_role_score": 0.8039626138386076,
      "mid_role_score": 0.842161311176711,
      "high_role_score": 0.38916986381603175,
      "spacing_score": 0.9666666666666667,
      "balance_score": 0.8275862068965517,
      "distance_bonus": 0.03333333333333333,
      "total_score": 2.1467305704405453
    },
    {
      "rank": 10,
      "low_opening": 20,
      "mid_opening": 38,
      "high_opening": 49,
      "selected_min_distance": 1,
      "low_estimated_mass": 2295.884622300161,
      "mid_estimated_mass": 4223.094015055,