Task,Model,Primary_R2,Primary_ARE(%),n_main,main_ratio,Supplement_R2,Supplement_ARE(%)
forward,MLP,0.9991301302971785,0.9083392526682321,,,,
forward,GRNN,0.9944334282036346,2.792923563890828,,,,
forward,KAN,0.9999446868896484,0.25886866450309753,,,,
inverse,inverse_MLP,0.9961301503346016,0.6386119706325064,13.0,0.29545454545454547,0.9984104484007289,0.8932233929955284
inverse,inverse_GRNN,0.871106732497665,5.061235889622555,13.0,0.29545454545454547,0.9084347624557604,7.746795023062615
inverse,inverse_KAN,0.9998614894453911,0.15743882933779657,13.0,0.29545454545454547,0.9999246765452823,0.1799115024552661
