Task,Model,R2_main,ARE_main(%),n_main,main_ratio,R2_all,ARE_all(%),n_all,OpeningDist_all,OpeningDist_main,Hyperparams
inverse,inverse_MLP,0.9961301503346016,0.6386119706325064,13,0.29545454545454547,0.9984104484007289,0.8932233929955284,44,"{'20mm': 6, '35mm': 9, '50mm': 4, 'other': 25}","{'20mm': 4, '35mm': 7, '50mm': 2, 'other': 0}","hidden=(20, 20), alpha=1e-06"
inverse,inverse_GRNN,0.871106732497665,5.061235889622555,13,0.29545454545454547,0.9084347624557604,7.746795023062615,44,"{'20mm': 6, '35mm': 9, '50mm': 4, 'other': 25}","{'20mm': 4, '35mm': 7, '50mm': 2, 'other': 0}",sigma=0.1
inverse,inverse_KAN,0.9998614894453911,0.15743882933779657,13,0.29545454545454547,0.9999246765452823,0.1799115024552661,44,"{'20mm': 6, '35mm': 9, '50mm': 4, 'other': 25}","{'20mm': 4, '35mm': 7, '50mm': 2, 'other': 0}","hidden=32, lr=0.01, wd=0"
