Model,R2,MRS(%),Hyperparams
MLP,0.9830918743636706,3.953109800027258,"hidden=(20, 20), alpha=0.001"
GRNN,0.9944334272231758,2.7929238764569186,sigma=0.1
KAN,0.9999314546585083,0.2586289346218109,"hidden=16, lr=0.005, wd=1e-05"
