Model,R2,MRS(%),Hyperparams
MLP,0.9830918743636695,3.953109800027536,"hidden=(20, 20), alpha=0.001"
GRNN,0.9944334272231758,2.7929238764569186,sigma=0.1
KAN,0.999936580657959,0.2637421488761902,"hidden=16, lr=0.005, wd=1e-05"
