Model,R2,ARE(%),Hyperparams
MLP,0.9830918743636706,3.953109800027258,"hidden=(20, 20), alpha=0.001"
GRNN,0.9944334272231758,2.7929238764569186,sigma=0.1
KAN,0.9999446868896484,0.2588687539100647,"hidden=16, lr=0.01, wd=0.0001"
