Model,R2,MRS(%),Hyperparams
MLP,0.9830918743636706,3.953109800027258,"hidden=(20, 20), alpha=0.001"
GRNN,0.9944334272231758,2.7929238764569186,sigma=0.1
KAN,0.9999188184738159,0.33291882276535034,"hidden=8, lr=0.01, wd=0.0001"
