Task,Model,DisplayName,folds,R2_main_mean,R2_main_std,R2_main_min,R2_main_max,ARE_main_pct_mean,ARE_main_pct_std,ARE_main_pct_min,ARE_main_pct_max,R2_all_mean,R2_all_std,R2_all_min,R2_all_max,ARE_all_pct_mean,ARE_all_pct_std,ARE_all_pct_min,ARE_all_pct_max,n_main_mean,n_main_min,n_main_max,main_ratio_mean,main_ratio_std,main_ratio_min,main_ratio_max,n_all_mean,n_all_min,n_all_max
inverse_opening_holdout,inverse_GRNN,inverse_GRNN,7,0.7229430297188383,0.14227061356365606,0.6207888064998082,0.8854396795281977,8.329041866260374,5.600647168538091,3.3765916405251586,14.406957731769738,0.8444094379183056,0.11750498892836228,0.613272034699506,0.9488134574746906,10.313992711961093,3.290393007317796,6.034007504653327,14.932045820442296,11.428571428571429,0,38,0.2787456445993031,0.3743875010776208,0.0,0.926829268292683,41.0,41,41
inverse_opening_holdout,inverse_KAN,inverse_KAN,7,0.9153080409158075,0.11021958997058881,0.7904319679391949,0.999025946100596,5.0577628444055325,6.65055859024256,0.3167433358713453,12.660096379824166,0.9708565027207806,0.07218032379785683,0.8072576775004843,0.9997687294421144,2.5189781699183134,4.475590400259214,0.31911607723494884,12.606912116541153,11.428571428571429,0,38,0.2787456445993031,0.3743875010776208,0.0,0.926829268292683,41.0,41,41
inverse_opening_holdout,inverse_MLP,inverse_MLP,7,0.9911227675667469,0.01207452787447503,0.9771970119502719,0.9986765948433274,1.818263665313851,2.30045279787574,0.38291302431527185,4.471632525166167,0.99389740388446,0.007371178377747752,0.9782645081648638,0.999464005169906,1.9488099339521927,1.2546419439844727,0.6547752360007959,4.468663645502298,11.428571428571429,0,38,0.2787456445993031,0.3743875010776208,0.0,0.926829268292683,41.0,41,41
