protocol_family,model,r2_mean,r2_std,r2_min,r2_max,are_mean,are_std,are_min,are_max,n_protocols
leave_one_opening_out,GRNN,0.8866173502254409,0.2278955584384887,0.3823197600405529,0.9934014510752667,6.03653884933147,8.374651086656844,1.7410425784180936,23.92118139080992,7
leave_one_opening_out,KAN,0.9676330855914524,0.07931234414470921,0.7880734205245972,0.9999558329582214,2.609663629106113,4.839060370077577,0.1819845587015152,13.41736125946045,7
leave_one_opening_out,MLP,0.9865286153201793,0.021275430940458896,0.9386044326882144,0.9980735554504107,2.839638779148035,2.063310011787138,1.333497998067336,7.37554816191598,7
leave_speed_block_out,GRNN,0.7714970315262782,0.30427042603842247,0.42391621074769825,0.9896853239795772,10.566298526185056,9.995201720200681,2.5048464669085955,21.74991211606727,3
leave_speed_block_out,KAN,0.9948327541351318,0.005613733985656318,0.9888211488723755,0.999938428401947,1.4311348497867584,1.274675868979697,0.21703073382377625,2.7587852478027344,3
leave_speed_block_out,MLP,0.9799730395269398,0.028011015505786403,0.9477417577172462,0.9984286258036893,3.2044441713251524,3.1376214858107665,0.7997247406153544,6.7536447276610545,3
random_interp,GRNN,0.9944334282036346,,0.9944334282036346,0.9944334282036346,2.792923563890828,,2.792923563890828,2.792923563890828,1
random_interp,KAN,0.9999446868896484,,0.9999446868896484,0.9999446868896484,0.25886866450309753,,0.25886866450309753,0.25886866450309753,1
random_interp,MLP,0.9834162860565963,,0.9834162860565963,0.9834162860565963,4.745113843381735,,4.745113843381735,4.745113843381735,1
